{"cameraMode":{"drawMode":0,"name":"Shaded","section":"Shading Mode"},"sceneLighting":true,"audioPlay":false,"sceneViewState":{"m_AlwaysRefresh":false,"showFog":true,"showSkybox":true,"showFlares":true,"showImageEffects":true,"showParticleSystems":true,"showVisualEffectGraphs":true,"m_FxEnabled":true},"in2DMode":false,"pivot":{"x":0.9435470104217529,"y":1.625620722770691,"z":1.7213475704193116},"rotation":{"x":0.04499112442135811,"y":-0.7699093818664551,"z":0.05460701510310173,"w":0.6342772245407105},"size":0.809237539768219,"orthographic":false}